code,system
1361-2,readv2
136A,readv2
136G,readv2
136J,readv2
1361-1,readv2
1362,readv2
136R,readv2
136I,readv2
1362-1,readv2
136Y,readv2
1362-2,readv2
136H,readv2
136F,readv2
136T,readv2
EMISQOT3,readv2
EMISQAL2,readv2
1369,readv2
136V,readv2
136S,readv2
1363,readv2
136N,readv2
136B,readv2
136C,readv2
136O,readv2
1364,readv2
EMISQRE13,readv2
EMISQTH4,readv2
EMISQNO6,readv2
EGTONGR7,readv2
EGTONGR6,readv2
EGTONGR8,readv2
EGTONGR9,readv2
1365,readv2
136Q,readv2
136P,readv2
1366,readv2
136E,readv2
136D,readv2
136Z,readv2
136,readv2
EMISNQUN23,readv2
1368,readv2
136a,readv2
136b,readv2
136c,readv2
136X,readv2
1367,readv2
136d,readv2
EMISQAU3,readv2
E23-2,readv2
EMISQAU1,readv2
EMISQAU2,readv2
EMISQAL1,readv2
EGTON418,readv2
136K,readv2
136L,readv2
1361,readv2
136M,readv2
136e,readv2